run_id,corruption_type,severity,condition_name,blur_score_laplacian,tenengrad_energy,shannon_entropy,saturation_ratio,detector_confidence,camera_fusion_weight,lidar_fusion_weight,latency_ms,status
1,clean,0,Baseline Clean,819.8930563136337,5598.043524305555,5.882931232452393,0.016371527777777777,0.9511206249999999,0.6787170138888888,0.32128298611111117,83.54169997619465,HEALTHY
2,defocus,1,defocus_sev_1,13.370609808797012,1653.2812934027777,5.915284156799316,0.005968967013888889,0.22954752224418606,0.13690896375718054,0.8630910362428195,55.18700001994148,WARNING_BLUR
3,defocus,1,defocus_sev_1,13.370609808797012,1653.2812934027777,5.915284156799316,0.005968967013888889,0.22954752224418606,0.13690896375718054,0.8630910362428195,53.7511000293307,WARNING_BLUR
4,defocus,2,defocus_sev_2,3.63042860241996,931.6509765625,6.005378723144531,0.00031684027777777776,0.14694288543384298,0.07359778591572974,0.9264022140842703,47.26810002466664,WARNING_BLUR
5,defocus,2,defocus_sev_2,3.63042860241996,931.6509765625,6.005378723144531,0.00031684027777777776,0.14694288543384298,0.07359778591572974,0.9264022140842703,41.9796000351198,WARNING_BLUR
6,defocus,3,defocus_sev_3,1.795486111106401,607.7316362847222,6.048852920532227,0.0,0.11491448372849662,0.061670659722191656,0.9383293402778083,56.58219999168068,WARNING_BLUR
7,defocus,3,defocus_sev_3,1.795486111106401,607.7316362847222,6.048852920532227,0.0,0.11491448372849662,0.061670659722191656,0.9383293402778083,52.870199957396835,WARNING_BLUR
8,defocus,4,defocus_sev_4,0.8610145398351879,340.59572048611113,6.159696578979492,0.0,0.08885149153782232,0.05559659450892884,0.9444034054910712,51.19059997377917,WARNING_BLUR
9,defocus,4,defocus_sev_4,0.8610145398351879,340.59572048611113,6.159696578979492,0.0,0.08885149153782232,0.05559659450892884,0.9444034054910712,57.076699973549694,WARNING_BLUR
10,defocus,5,defocus_sev_5,0.623810761176215,167.01802734375,6.288264274597168,0.0,0.07937423535652217,0.054054769947645465,0.9459452300523545,44.49870000826195,WARNING_BLUR
11,defocus,5,defocus_sev_5,0.623810761176215,167.01802734375,6.288264274597168,0.0,0.07937423535652217,0.054054769947645465,0.9459452300523545,47.76280000805855,WARNING_BLUR
12,motion,1,motion_sev_1,49.648505854400604,1976.1871137152777,5.94758939743042,0.00484375,0.36406179704642627,0.37271528805360393,0.627284711946396,36.94190003443509,WARNING_BLUR
13,motion,1,motion_sev_1,49.648505854400604,1976.1871137152777,5.94758939743042,0.00484375,0.36406179704642627,0.37271528805360393,0.627284711946396,52.387300005648285,WARNING_BLUR
14,motion,2,motion_sev_2,35.32053927945619,1352.933515625,6.0126423835754395,0.003103298611111111,0.3241812362215317,0.2795835053164653,0.7204164946835347,53.89659997308627,WARNING_BLUR
15,motion,2,motion_sev_2,35.32053927945619,1352.933515625,6.0126423835754395,0.003103298611111111,0.3241812362215317,0.2795835053164653,0.7204164946835347,51.710299972910434,WARNING_BLUR
16,motion,3,motion_sev_3,35.37344184020242,1021.8693641493055,6.06575870513916,0.0022298177083333332,0.324863928070704,0.2799273719613157,0.7200726280386843,39.549400040414184,WARNING_BLUR
17,motion,3,motion_sev_3,35.37344184020242,1021.8693641493055,6.06575870513916,0.0022298177083333332,0.324863928070704,0.2799273719613157,0.7200726280386843,45.94650003127754,WARNING_BLUR
18,motion,4,motion_sev_4,27.24435546870761,785.59552734375,6.120752334594727,0.0018109809027777777,0.29671522437193276,0.22708831054659945,0.7729116894534005,46.508500003255904,WARNING_BLUR
19,motion,4,motion_sev_4,27.24435546870761,785.59552734375,6.120752334594727,0.0018109809027777777,0.29671522437193276,0.22708831054659945,0.7729116894534005,37.337400019168854,WARNING_BLUR
20,motion,5,motion_sev_5,18.52633572034364,544.5971072048611,6.210134029388428,0.0,0.26009822484375333,0.17042118218223368,0.8295788178177663,46.305200026836246,WARNING_BLUR
21,motion,5,motion_sev_5,18.52633572034364,544.5971072048611,6.210134029388428,0.0,0.26009822484375333,0.17042118218223368,0.8295788178177663,41.50589997880161,WARNING_BLUR
22,fog,1,fog_sev_1,395.1795767595456,2894.5788606770834,6.3397088050842285,0.014366319444444444,0.739453348922645,0.6813237847222222,0.3186762152777778,49.164799973368645,HEALTHY
23,fog,1,fog_sev_1,395.1795767595456,2894.5788606770834,6.3397088050842285,0.014366319444444444,0.739453348922645,0.6813237847222222,0.3186762152777778,44.080100022256374,HEALTHY
24,fog,2,fog_sev_2,201.23563584587188,1571.4453776041667,6.404068470001221,0.002849392361111111,0.5963134112695285,0.6962957899305555,0.3037042100694445,55.93759997282177,HEALTHY
25,fog,2,fog_sev_2,201.23563584587188,1571.4453776041667,6.404068470001221,0.002849392361111111,0.5963134112695285,0.6962957899305555,0.3037042100694445,34.19420000864193,HEALTHY
26,fog,3,fog_sev_3,80.06605901906994,679.9523741319445,5.879820346832275,4.340277777777778e-06,0.4341248218955494,0.5704293836239546,0.42957061637604543,49.87520002759993,WARNING_BLUR
27,fog,3,fog_sev_3,80.06605901906994,679.9523741319445,5.879820346832275,4.340277777777778e-06,0.4341248218955494,0.5704293836239546,0.42957061637604543,53.249700053129345,WARNING_BLUR
28,fog,4,fog_sev_4,26.92377387046814,245.28761284722222,4.9864726066589355,0.0,0.2964548977648985,0.2250045301580429,0.7749954698419571,51.457000023219734,WARNING_BLUR
29,fog,4,fog_sev_4,26.92377387046814,245.28761284722222,4.9864726066589355,0.0,0.2964548977648985,0.2250045301580429,0.7749954698419571,49.48220000369474,WARNING_BLUR
30,fog,5,fog_sev_5,5.563512369592686,55.67513454861111,3.753046989440918,0.0,0.17071953652641964,0.08616283040235251,0.9138371695976475,45.715500018559396,WARNING_BLUR
31,fog,5,fog_sev_5,5.563512369592686,55.67513454861111,3.753046989440918,0.0,0.17071953652641964,0.08616283040235251,0.9138371695976475,35.91880004387349,WARNING_BLUR
32,glare,1,glare_sev_1,792.0447108832277,5328.3642795138885,6.309482574462891,0.08615342881944445,0.8180710143981558,0.5880005425347222,0.4119994574652778,52.48860002029687,HEALTHY
33,glare,1,glare_sev_1,792.0447108832277,5328.3642795138885,6.309482574462891,0.08615342881944445,0.8180710143981558,0.5880005425347222,0.4119994574652778,39.49170000851154,HEALTHY
34,glare,2,glare_sev_2,659.4886408827042,4295.038346354167,6.547111511230469,0.18379448784722222,0.6076731206235004,0.46106716579861107,0.5389328342013889,32.397500006482005,WARNING_SATURATION
35,glare,2,glare_sev_2,659.4886408827042,4295.038346354167,6.547111511230469,0.18379448784722222,0.6076731206235004,0.46106716579861107,0.5389328342013889,47.216700040735304,WARNING_SATURATION
36,glare,3,glare_sev_3,464.47053979096125,2849.1907378472224,6.611048221588135,0.22582899305555557,0.47673040724055465,0.40642230902777776,0.5935776909722222,35.42029997333884,WARNING_SATURATION
37,glare,3,glare_sev_3,464.47053979096125,2849.1907378472224,6.611048221588135,0.22582899305555557,0.47673040724055465,0.40642230902777776,0.5935776909722222,51.21439998038113,WARNING_SATURATION
38,glare,4,glare_sev_4,296.8090618691338,1666.5135069444445,6.384230613708496,0.2846213107638889,0.33489947273892706,0.3299922960069444,0.6700077039930556,45.56919995229691,WARNING_SATURATION
39,glare,4,glare_sev_4,296.8090618691338,1666.5135069444445,6.384230613708496,0.2846213107638889,0.33489947273892706,0.3299922960069444,0.6700077039930556,38.25969999888912,WARNING_SATURATION
40,glare,5,glare_sev_5,159.0690596569485,766.6977517361111,5.528936386108398,0.43316080729166667,0.121618975620614,0.13689095052083333,0.8631090494791667,49.49730000225827,WARNING_SATURATION
41,glare,5,glare_sev_5,159.0690596569485,766.6977517361111,5.528936386108398,0.43316080729166667,0.121618975620614,0.13689095052083333,0.8631090494791667,46.6257999651134,WARNING_SATURATION
